,Tweets,Locations,Polarity,lenght
0, GIVEAWAY 1 winner of KWS TASTY album 1 winner of KWS slogan 2 winners of 50 pesos gcash money load Criteria,she her,0,108
1, KWS Kim Wooseok for 2nd Desire Tasty showcase press photo 1 KIMWOOSEOK 2ND DESIRE TASTY Sugar officia,she her,0,102
2, webinar on Construction amp Demolition Waste Management Rules 2016 Provisions amp Implementation on 15 02 21 at 11 00,India,-1,118
3,dda Ordinary Flats in 2 25 crores DDA should stop masquerading as Public Authority and be declared as builders I pray that only Andhbhakts are the lucky winners of these exorbitantly priced flats,,1,195
4,dda Surprisingly DDA does not know the measurement of single flat being offered in Sl No 1 and 2 And range has been given Take departmental action against the official who approved the area range,,1,195
5,dda Worse department dda no cleaning of road worse condition of road garbage the picture of DDA area I fighting from 2016 same situation nothing OFFICIAL,New Delhi Delhi,-1,153
6,dda Yes DDA has made mistake during preparation of result May reviewed again for the correct results,Bihar India,0,100
7,dda India sahibsingh IND Dear Sir we have not received any response,,0,67
8,dda plz help,,0,12
9,DDA Online Housing Scheme 2021 Details of LIG and EWS JANTA Flats and Tentative Cost Visit for more information DDAHousingScheme2021,New Delhi India,1,132
10,DDA Online Housing Scheme 2021 Details of 2 BHK HIG and MIG Flats and Tentative Cost Visit for more information DDAHousingScheme2021,New Delhi India,1,132
11,dda Report Corruption in Delhi Housing Societies to Clean House,New Delhi India,1,63
12, please watch KIM WOOSEOK SUGAR on youtube and listen to his album TASTY a lot Sugar 6 let s shower all our love a,,1,114
13,dda Local builders flat of same plinth area is cheaper than this with better specifications,New Delhi Delhi,1,91
14, Big mistake by dda during preparation of result normalization of score and shortlisting the candidates for Documents v,,0,119
15,DDA Online Housing Scheme 2021 Details of 3 BHK HIG Flats and Tentative Cost Visit for more information DDAHousingScheme2021,New Delhi India,1,124
16, Can t wait Right Tasty Yum Yum Right Tasty Yum Yum Click Sugar6 Ready KimWooseok SUGAR official,,1,96
17,dda OFFICIAL Day 3 complaint Let s see kab tak aap log action nai lata h OFFICIAL dda,New Delhi Delhi,-1,85
18,The condition of central verge and footpath UER ll road from barwala red light is very disheartening No cleaning of roads and central verge is done also the plants planted three years back have all dried up dda has to take an immediate action,,1,242
19,dda PLEASE give me the information about the upcoming DDA PATWARI mains exam pattern of general awareness section is there all GA question will come in the exam is only about Delhi related general knowledge question or some national GK question also come in the exam,,1,266
20,Sugar MV streaming relay Tag your friends dnwm luizyy Make sure to follow YouTube streaming guide amp don t forget to Thumbs up comment KIMWOOSEOK 2ND DESIRE TASTY official,she her,1,172
21, webinar on Construction amp Demolition Waste Management Rules 2016 Provisions amp Implementation on 15 02 21 at 11 00,,-1,118
22, The position worsened due to inattention of civic authorities location Behind Evergreen Aparments Sec 7 Dwarka,New Delhi India,-1,111
23,dda how many candidates are qualified in DDA JSA stage 3 exam please provide category wise,Jaipur India,1,90
24, webinar on Construction amp Demolition Waste Management Rules 2016 Provisions amp Implementation on 15 02 21 at 11 00,,-1,118
25,dda Review the result for dda so horticulture 2020,,0,50
26,dda Raised the issue on DDA311 app Complain 20210207000067177,Delhi India,0,61
27, webinar on Construction amp Demolition Waste Management Rules 2016 Provisions amp Implementation on 15 02 21 at 11 00,Jaipur,-1,118
28, webinar on Construction amp Demolition Waste Management Rules 2016 Provisions amp Implementation on 15 02 21 at 11 00,,-1,118
29, webinar on Construction amp Demolition Waste Management Rules 2016 Provisions amp Implementation on 15 02 21 at 11 00,New Delhi India,-1,118
30,Sir Why FIR has not been registered by so far agnst scamster amp other corrupt DDA officials even after 8 months on request made by CVO of dda Ref PE F 27 06 19 Vig AVO 12 863 Dt 19 06 2020 to SHO Kotla MubarakPur ND,New Delhi,-1,216
31, webinar on Construction amp Demolition Waste Management Rules 2016 Provisions amp Implementation on 15 02 21 at 11 00,,-1,118
32, Have dda and prepared list of pending ground rents and property taxes since last 6 years,,0,89
33, Dear Why FIR has not been registered by Delhi Police so far agnst scamster amp other corrupt DDA,,-1,97
34,dda dda AWAKE MR LG AND YOUR STAFF DDA MCD AND DELHI POLICE IT S STILL SLEEPING MORE THAN A MONTH NO ACTION TAKEN R U SERIOUS ABT UR JOB OR JUST A TIME PASS NO ACTION TAKEN PLEASE HELP OR GIVE ME YOUR NUMBER I WILL CALL YOU,Tilak Nagar New Delhi,1,223
35, webinar on Construction amp Demolition Waste Management Rules 2016 Provisions amp Implementation on 15 02 21 at 11 00,India,-1,118
36,pollution dda OFFICIAL dc India Thank you dda OFFICIAL pollution for not taking any action on my complains despite of rigorous follow ups for past 4 months A citizens right to stay peacefully in his own house can t be protected by concerned authorities,New Delhi Delhi,1,252
37,dda About 1 month passed but my relative not got possession letters please tell when they will get possession sir,,0,113
38, webinar on Construction amp Demolition Waste Management Rules 2016 Provisions amp Implementation on 15 02 21 at 11 00,Kolkata India,-1,118
39, webinar on Construction amp Demolition Waste Management Rules 2016 Provisions amp Implementation on 15 02 21 at 11 00,Greater Faridabad Haryana,-1,118
40, webinar on Construction amp Demolition Waste Management Rules 2016 Provisions amp Implementation on 15 02 21 at 11 00,,-1,118
41, The position worsened due to inattention of civic authorities location Behind Evergreen Aparments Sec 7 Dwarka,110043,-1,111
42,The position worsened due to inattention of civic authorities location Behind Evergreen Aparments Sec 7 Dwarka dda,New Delhi India,-1,114
43, webinar on Construction amp Demolition Waste Management Rules 2016 Provisions amp Implementation on 15 02 21 at 11 00,,-1,118
44, webinar on Construction amp Demolition Waste Management Rules 2016 Provisions amp Implementation on 15 02 21 at 11 00,,-1,118
45, webinar on Construction amp Demolition Waste Management Rules 2016 Provisions amp Implementation on 15 02 21 at 11 00,,-1,118
46, webinar on Construction amp Demolition Waste Management Rules 2016 Provisions amp Implementation on 15 02 21 at 11 00,,-1,118
47, webinar on Construction amp Demolition Waste Management Rules 2016 Provisions amp Implementation on 15 02 21 at 11 00,Patna,-1,118
48, webinar on Construction amp Demolition Waste Management Rules 2016 Provisions amp Implementation on 15 02 21 at 11 00,,-1,118
49, webinar on Construction amp Demolition Waste Management Rules 2016 Provisions amp Implementation on 15 02 21 at 11 00,Guwahati India,-1,118
50, webinar on Construction amp Demolition Waste Management Rules 2016 Provisions amp Implementation on 15 02 21 at 11 00,,-1,118
51, webinar on Construction amp Demolition Waste Management Rules 2016 Provisions amp Implementation on 15 02 21 at 11 00,,-1,118
52,dda Condition of the road is same again Why authorities take action after tweet if sweeping of roads is continuous process Please do the needful ASAP,,1,149
53, webinar on Construction amp Demolition Waste Management Rules 2016 Provisions amp Implementation on 15 02 21 at 11 00,,-1,118
54, webinar on Construction amp Demolition Waste Management Rules 2016 Provisions amp Implementation on 15 02 21 at 11 00,Noida,-1,118
55, webinar on Construction amp Demolition Waste Management Rules 2016 Provisions amp Implementation on 15 02 21 at 11 00,Delhi India Bhubaneswar,-1,118
56, webinar on Construction amp Demolition Waste Management Rules 2016 Provisions amp Implementation on 15 02 21 at 11 00,,-1,118
57, webinar on Construction amp Demolition Waste Management Rules 2016 Provisions amp Implementation on 15 02 21 at 11 00,,-1,118
58, webinar on Construction amp Demolition Waste Management Rules 2016 Provisions amp Implementation on 15 02 21 at 11 00,New Delhi India,-1,118
59,dda Bond b h isme,,0,17
60,dda recruitment cell is requested to please shift postpone or prepone the stenographer skill date exam as stenographer skill n UDC is on the same date 21feb Sir we r alrdy short of employment opportunities in these times,,0,220
61, webinar on Construction amp Demolition Waste Management Rules 2016 Provisions amp Implementation on 15 02 21 at 11 00,,-1,118
62, webinar on Construction amp Demolition Waste Management Rules 2016 Provisions amp Implementation on 15 02 21 at 11 00,New Delhi,-1,118
63,webinar on Construction amp Demolition Waste Management Rules 2016 Provisions amp Implementation on 15 02 21 at 11 00 AM Register HUDA GMDA DDA construction building dda Monday,India,-1,176
64,dda can anyone tell why this interest rule Why people were not allowed to pay at start only why this high interest against prevailing interest rate and why this short notice to pay the amount,,1,191
65,Dpt pollution OFFICIAL Official Agmut dda MoHUA Your complaint is forwarded to DCP Dwarka Distt,Vasant vihar Dcp office,-1,95
66,dnwm official ill resteal it then xD,Mars,-1,36
67,dda I have been alloted a flat in 2016 for the DDA draw of 2014 10 money was to be given after 5 years means in 2021 amp no interest was payable First communion received after 5 years from DDA asking for interest penalty of 81826 Why this Need urgent resolution,,1,261
68,Shook official i stole that meme too somewhere in my TL so,she her,0,58
69,singh02 It will be really helpful if you could share your complaint in detail so that we can lodge your complaint with the concerned department,New Delhi India,-1,143
70,We are extremely sorry for this experience We shall look into the matter and make sure you don t have to go through this again Going further please register all encroachment related complaints on the DDA311 app,New Delhi India,0,210
71,We are extremely sorry for this experience We shall look into the matter and make sure you don t have to go through this again Going further please register all encroachment related complaints on the DDA311 app,New Delhi India,0,210
72,look at that big babie SUGAR MV OUT NOW KIMWOOSEOK official,she her,0,59
73,baby squeezing a plushie with his pretty hands and sporting a cute pout SUGAR MV OUT NOW KIMWOOSEOK official,she her,1,108
74,wooseok s visuals are out of this world nobody is THIS beautiful except him SUGAR MV OUT NOW KIMWOOSEOK official,she her,1,112
75,every frame is screenshot worthy every frame is an art SUGAR MV OUT NOW KIMWOOSEOK official,she her,1,91
76,goddamn i would seriously fite anyone who will argue with me WOOSEOK IS INDEED THE MOST BEAUTIFUL PERSON EVER KIMWOOSEOK official,she her,1,129
77,dda Please do check on encroachments creating havoc in DDA SFS Flats sector 7 and sector 8 Jasola Storm water drains have been covered and choked creating breeding ground for pests and mosquitoes Mini gardens and personal spaces are being created to gobble space,,0,262
78,dda Yes DDA result should be review by DDA authority,,0,52
79, Few hours left until KIM WOOSEOK SUGAR MV is out Please don t forget about these few VIEWING GUIDELINES Let s stream SUG,she her,-1,121
80, MY MY 8 13 February 2021 Please,she her,0,32
81, Big mistake by dda during preparation of result normalization and shortlisting the candidates please review the results fo,Delhi,0,123
82,dda Review the So horticulture result again because not done properly normalization maximum candidate available in shortlist only shift 1,,1,137
83,Dpt pollution OFFICIAL southwest Official Agmut dda MoHUA requesting you for public grievance redressal DelhiModel,New Delhi India,0,114
84,dda Execlty there was some kind of blunder made by dda people having low score than us has made in to the shortlist Please explain,,1,130
85,Big mistake made by dda during preparation of result normalization and shortlisting the candidates please review the results for the post of Section officer Horticulture dda,,0,173
86, HASHTAG PAY is scheduled for tomorrow Feb 8th at 4 00PM KST Let s celebrate Wooseok s comeback by trending hash,she her,0,112
87, Big mistake by dda during preparation of result normalization and shortlisting the candidates please review the results fo,Ranchi India,0,123
88, Big mistake by dda during preparation of result normalization and shortlisting the candidates please review the results fo,,0,123
89,dda Review the SO Horticulture result again dda,Ranchi India,0,47
90, dda It s a blunder in result declaration,,0,41
91, Big mistake by dda during preparation of result normalization and shortlisting the candidates please review the results fo,,0,123
92, Big mistake by dda during preparation of result normalization of score and shortlisting the candidates for Documents v,,0,119
93, Big mistake by dda during preparation of result normalization and shortlisting the candidates please review the results fo,New Delhi India,0,123
94,dda ekta apartment sector 3 dwarka desperately needs swings in the society park Swings are broken and rusted which are injourious for kids The ground is dusty without a patch of grass The entire society is half painted after a contract with dda got pending,New Delhi India,-1,256
95,dda Sir I have not been able to make any instalment of demand money for Rohini Res Scheme 1981 due to covid amp other reasons What could be done now,,1,148
96,dda Yes the results should be reviewed once again by dda authority,Bihar India,0,66
97,dda It s a blunder in result declaration,,0,40
98, Big mistake by dda during preparation of result normalization of score and shortlisting the candidates for Documents v,,0,119
99, Big mistake by dda during preparation of result normalization and shortlisting the candidates please review the results fo,,0,123
100, Big mistake by dda during preparation of result normalization of score and shortlisting the candidates for Documents v,New Delhi,0,119
101, Big mistake by dda during preparation of result normalization and shortlisting the candidates please review the results fo,,0,123
102,Big mistake by dda during preparation of result normalization of score and shortlisting the candidates for Documents verification please ones review the results for the post of Section officer Horticulture becoz it s our future matter dda,,0,238
103,dda Sir I have not been able to deposit any instalment of demand money for Rohini res scheme 1981 due to covid amp other reasons Please let me know what can I do now,,1,165
104, Big mistake by dda during preparation of result normalization and shortlisting the candidates please review the results fo,,0,123
105, Big mistake by dda during preparation of result normalization and shortlisting the candidates please review the results fo,,0,123
106, Big mistake by dda during preparation of result normalization and shortlisting the candidates please review the results fo,Dehradun India,0,123
107,NaMo The issue has been duly noted and forwarded to the concerned department,New Delhi India,0,76
108,dda Pl take action in Chappan Bigha Park Shastri Nagar Delhi 110052 against locals who have made the park a trash can People also burn garbage in the park Also there are people who have encroached in the park It has become a safety issue too dda,Delhi India,1,245
109,Big mistake by dda during preparation of result normalization and shortlisting the candidates please review the results for the post of Section officer Horticulture dda,New Delhi,0,168
110,do we have a hashtag for wooseokie tonight KIMWOOSEOK official,she her,0,62
111,dda OFFICIAL dda day two complaint pgms 2021013242 OFFICIAL let s see who take action or break Me or your system,New Delhi Delhi,-1,112
112,dda Dear DDA As mentioned in notification for DDA Steno that typing will be only on Remington Gail layout but a lot of candidates know Inscript layout So please provide an option for the Inscript Layout so that all the candidates can get a fair chance,Basti India,1,251
113, dda What is the tentative timings for DDA Patwari Tier 2 Mains examination which is scheduled on 28th Febru,,0,108
114, 8 10 February 2021 P,she her,0,21
115, dda Requesting you to provide inscript layout in mangal font of hindi stenography As SSC also provide insc,,0,107
116,dda Requesting you to provide inscript layout in mangal font of hindi stenography As SSC also provide inscript layout With this you can light a candle in poor home,,0,163
117,dda NaMo In front of house no 200 Bharat Nagar Delhi 52 that belongs to DDA Horticulture I lodged many complaints but till date no action taken Provide a number to share photographs and videos Last complaint REFERENCE ID G130128302 Dated 28 09 2020 to DDA,,1,255
118, India MoHUA India India dda,Pune India,0,28
119,NaMo It will be really helpful if you could share your complaint in detail so that we can lodge your complaint with the concerned department,New Delhi India,-1,140
120,I had lodged many complaints in MCD amp DDA horticulture whosoever d land is to clean it amp put gate in the entrance but from last 1 year no action had been taken by anyone amp then we talk of Swach Bharat Abhiyan NaMo dda,,1,223
121,There is a park right in front of house no 200 Bharat nagar Which is in a stinky and bad condition that become a garbage bin now NaMo dda,,-1,137
122, All these beautiful stages for Sugar KIMWOOSEOK official,she her,1,57
123,dda What is the tentative timings for DDA Patwari Tier 2 Mains examination which is scheduled on 28th February,,0,110
124,dda Exam pattern of Patwari for Tier II,Sonipat India,0,39
125,,,0,0
126, pandey,,0,7
127,dda Thanks for this info bro,,1,28
128,dda gadkari Please sir you all think of Mayur vihar problem is Very Very poor so you are all think about it s,,-1,109
129,It will be really helpful if you could send us the exact location of the complaint so that we can lodge your complaint with the concerned department,New Delhi India,-1,148
130,It will be really helpful if you could send us the exact location of the complaint so that we can lodge your complaint with the concerned department,New Delhi India,-1,148
131,official dda There is urgent need to hasten the xecution of whole process under LPP by dda to ensure early allotment of land for construction purpose thereby causing generation of employment to those workers who r badly in need of such job who became jobless due to pandemic,,-1,274
132,dda gadkari Please take the necessary action on priority,New Delhi India,1,56
133,OFFICIAL dda OFFICIAL this is hw u r minimizing the size of dumping ground to spread whole city garbage on the road This behaviour of urs show hw bothered u r,Noida India,1,158
134, dda dda R sir Due to your timely intervention a,,-1,48
135,dda dda R sir Due to your timely intervention and order resulted to solve unattended DDA road near Khora chowk mayur vihar3 towards Papermarket since many is going on full swing Please ensure quality of work Thank you,New Delhi India,1,217
136,D 1 I m ready for your SUGAR official KIMWOOSEOK,,1,48
137, dda Official,Tilak Nagar New Delhi,0,13
138, dda Official,Tilak Nagar New Delhi,0,13
139, Sameer Complaint complaint 12999984 All Sector 24 Rohini roads are filled with dust and pits and creating dust polluti,Rohini New Delhi,-1,119
140,dda please declare PATWARI POST cut off for stage 1,,0,51
141, dda Delhi shopkeepers are getting harrassed and getting such l,New Delhi,0,63
142,dda i apply patwari post and obtain 68 mark in obc category i m not selected But i want to know cut off of dda patwari in obc category and normalisation formula apply or not Thanx and regards,Noida India,0,191
143, dda Water pump in front of Gate 1 Pocket 3 Sector 34 Rohini used to supply water in plants and green area i,India,-1,108
144,Culmination of plogging week by DXR at ManaTrail on 5th day with pledge with pangale dda,,0,88
145,gadkari Official News The issue has been duly noted and forwarded to the concerned department,New Delhi India,0,93
146,OFFICIAL We regret the inconvenience caused to you over the delay in addressing your issue The concerned department will act to resolve the matter at the earliest,New Delhi India,0,162
147, 21st century National Capital of India And residents are still dependent on water tanker technology of,India,0,103
148,OFFICIAL dda No action by dda,New Delhi Delhi,-1,29
149,dda recruitment cell is requested to please shift postpone or prepone the stenographer skill date exam as stenographer skill is on the same date 21st Feb Sir we r alrdy short of employment opportunities in these times Please help,,0,229
150,So dda are conducting exam for the same post on Same day i e 21 02 2021,New Delhi,0,71
151,a cheat India dda MoHUA Newspaper GoI What is the latest status of possession letter for DDA Rohini 1981 scheme,New Delhi India,1,111
152,dda OFFICIAL No road no drainage system for rain water No cleaning Now we decided daily we will make complaint Pocket 4A Rohini Sector 23 lane 1 dda,New Delhi Delhi,-1,148
153, 0707 Painful Reminds me of villages declared urban left rural in Delhi,Paprawat Village,-1,71
154,pollution OFFICIAL The issue has been duly noted and forwarded to the concerned department,New Delhi India,0,90
155, Sameer Complaint complaint 12999984 All Sector 24 Rohini roads are filled with dust and pits and creating dust polluti,,-1,119
156,dda sir please tell me is there inscript in hindi typing for stenographer grade D,,0,81
157,Delhi will get MPD 2041 but 100s of villages that were urbanized for it are left intact without any planning while the city expands further CYCLE of unplanned urbanization continues dda India MoHUA,New Delhi India,0,197
158, dda AnilKumarINC,New Delhi,0,17
159,Sameer Complaint complaint 12999984 All Sector 24 Rohini roads are filled with dust and pits and creating dust pollution very bad for health also pollution dda OFFICIAL,India,-1,168
160,dda AnilKumarINC Sure Sir have escalated concerns to State and Center DDA assured to look into this matter Forwarded that email to you just now Thanks,New Delhi,1,150
161,dda AnilKumarINC Do let me know if I can be of any assistance,Kasturba Nagar Vidhan Sabha,0,61
162, pl join webinar Solid Waste Management and a Way Forward India Registration Link INDI,,-1,86
163,dda As per DDA s direct recruitment 2020 there were total vaccancy of 48 posts under Section officer Hort In declared results 71 candidates are shortlisted for document verification is there is any chances of increased vaccancies from backlog or it will remain same,INDIA,1,265
164, pl join webinar Solid Waste Management and a Way Forward India Registration Link INDI,,-1,86
165,dda Dear sir Recently A list of selected candidates for PATWARI has been released but below point not provided yet 1 cut off marks 2 normalised marks of each candidates So please provide these for better transparency in recruitment process Thank you,,1,249
166,dda pollution I request all official to look at Yamuna pollution and it s revival Its 7th year of AAP yet no real solution of Yamuna cleaning Plants should be there on bank,,-1,172
167,dda AnilKumarINC Okay thanks team at least government has to give relief for now,New Delhi,1,80
168,AnilKumarINC The issue has been duly noted and forwarded to the concerned department,New Delhi India,0,84
169, dda Water pump in front of Gate 1 Pocket 3 Sector 34 Rohini used to supply water in plants and green area i,,-1,108
170, shot 210206 Kim Woosoek Show Music Core Interview KIMWOOSEOK Official,,0,70
171,dda Fwd Request To Your Kind Self Please Accept Our Application Of Allotment Of This Said Plot In DDA PDR Rates Basis Policy Ref No PMOPG E 2021 0036715,,1,152
172,The issue has been duly noted and forwarded to the concerned department,New Delhi India,0,71
173,dda Request you to pls share ref ID for the future reference,,0,60
174, dda Water pump in front of Gate 1 Pocket 3 Sector 34 Rohini used to supply water in plants and green area i,New Delhi India,-1,108
175,dda Water pump in front of Gate 1 Pocket 3 Sector 34 Rohini used to supply water in plants and green area is not working since last 3 years Concerned officer dept neither fix issue nor provide any alternative solution Kindly take fix this issue on priority basis,Khurja Ghaziabad Meeut Rohini,1,262
176, dda Sir please provide more font for stenographer,MAINPURI U P,1,50
177,dda official dda Dear sir plz tell us that backspace will be considered as key depression in DDA JSA typing test on 16 February 2021 or not,,0,139
178,21st century National Capital of India And residents are still dependent on water tanker technology of Which year do you plan to upgrade to distribution lines for piped water supply in dda flats of E1 and E2 at vasant kunj,India,0,222
179,We are extremely sorry for this experience We shall look into the matter and make sure you don t have to go through this again Going further please register all encroachment related complaints on the DDA311 app,New Delhi India,0,210
180,you promised us a professional running sythetic track Where is it dda FitIndiaMovement fitIndia,,1,95
181, you promised us a professional running sythetic track Where is it dda FitIndiaMo,,1,81
182,dda sir please have a look of footpath encroached by shopkeepers in uttam nagar main road near metro pillar no 675 to 680 Pedestrians life is in danger please assist us to clear footpath Thanks,,1,193
183,dda Kindly look into this matter to sort the issues of shopkeepers why you getting affecting them This is harrasment now,New Delhi,1,120
184, dda Sir DDA has conducted computer based exam for the post of Stenographer But there is only one hindi typing,,0,110
185, dda Sir DDA has conducted computer based exam for the post of Stenographer But there is only one hindi typing,,0,110
186,Sir Why FIR has not been registered by even after 8 months agnst scamster amp other corrupt DDA officials on request made by CVO of dda Ref PE F 27 06 19 Vig AVO 12 863 Dt 19 6 2020 to SHO Kotla MubarakPur ND News,New Delhi,-1,213
187,dda can u tell please when document verification will be done for DDA LEGAL ASSISTANT exam 2020,Punjab India,1,95
188,Sir Why FIR has not been registered by even after 8 months agnst scamster amp other corrupt DDA officials on request made by CVO of dda Ref PE F 27 06 19 Vig AVO 12 863 Dt 19 6 2020 to SHO Kotla MubarakPur ND,New Delhi,-1,208
189,Dear Why FIR has not been registered by Delhi Police so far agnst scamster amp other corrupt DDA officials even after 8 months on request made by CVO of dda Ref PE F 27 06 19 Vig AVO 12 863 Dt 19 6 2020 to SHO Kotla MubarakPur ND,New Delhi,-1,229
190,Inform why FIR has not been registered by Delhi Police so far agnst scamster amp corrupt DDA officials even after 8 months on request made by CVO of dda Ref PE F 27 06 19 Vig AVO 12 863 Dt 19 06 2020 to SHO Kotla MubarakPur ND,,-1,226
191,dda Kheda park Hastsal Vihar Uttam Nagar ND 59 Park s all lights not working properly Please provide electrician s number so that we can complain dda sahibsingh,,0,160
192,dda Sir please provide more font for stenographer,,1,49
193,dda sir please increase date of skill test of steno exam 2019 please take 30 days for practices due to epidemic practice has stoped Sir plz increase date of examination I shall obliged for it,,-1,191
194,dda good morning sir,,1,20
195, According to SC SHOP Plots sealing was wrong,,-1,45
196, MLAgk Supreme Court Very clear that sealing should not have taken,,1,66
197, WE THANK THE HON CJI TO UNDERSTAND OUR PAIN AND also of UNDEANDING OF THE MATTER at hand dda,,0,93
198, dda Sir DDA has conducted computer based exam for the post of Stenographer But there is only one hindi typing,,0,110
199,Great step But then why dda is still charging surcharge on HIG,India,1,62
200,dda When the cutoff marks and marks of all candidates appeared in DDA patwari exam will be released,New delhi,0,99
201,dda hindu Thank you Some hope with pain Request everyone to understand situation we are facing and going,New Delhi India,0,104
202,dda I applied for dda stenographer hindi steno but in written result my skill medium is english What should i do plzz reply,,0,123
203, dda Respected sir My name is Gaurav kumar I filled my DDA steno form with English shorthand language but,,1,105
204,dda Sir i am confused of jsa retest of typing Spacebar 1 keystroke Does key stroke include spacebar,Uttar Pradesh India,-1,99
205,dda I haven t received my TA BILL yet,,0,37
206,We are extremely sorry for this experience We shall look into the matter and make sure you don t have to go through this again Going further please register all encroachment related complaints on the DDA311 app,New Delhi India,0,210
207,dda Delhi shopkeepers are getting harrassed and getting such letter to pay so much charges one side we are frustrated due to low income and other side you are affecting like it AnilKumarINC,New Delhi,-1,189
208,dda Resident encroach extra 30 area please take necessary action,,1,64
209,dda dda there is no response from your office This tree is dangerous and has become the cause of many accidents It is urgent for road safety as India is celebrating Road Safety Month Why you are not responding on an urgent basis Waiting for your positive response,,1,263
210,dda On of our resident doing encroachment of balcony above the legitimate limit Request u kindly take necessary action Encroachment,Delhi,1,131
211,dda dda there is no response from your office This tree has caused many serious accidents India is celebrating Road Safety Month Why Authorities are not taking it seriously,,-1,172
212, dda sharing the complaint number for your reference and quick action Complaint 20210203000066651,,-1,97
213,dda sir please provide steno cut off marks,,0,42
214,dda Respected sir My name is Gaurav kumar I filled my DDA steno form with English shorthand language but my steno language is changed into Hindi Please resolve this issue as soon as possible,,1,190
215,Strange but true fact is that unplanned illegal construction are on a rise while the planned development in Delhi is repeatedly ignored dda MoHUA circle rates are slashed Why agriculture land price aren t increased over time now,New Delhi India,-1,228
216,We regret the inconvenience caused to you over the delay in addressing your issue The concerned department will act to resolve the matter at the earliest,New Delhi India,0,153
217, dda Sir DDA has conducted computer based exam for the post of Stenographer But there is only one hindi typing,,0,110
218, dda Sir DDA has conducted computer based exam for the post of Stenographer But there is only one hindi typing,,0,110
219, you promised us a professional running sythetic track Where is it dda FitIndiaMo,New Delhi India,1,81
220,Jheel bhavishy So true Stakeholders need to be involved and Jheel site must be declared a site along with River Sahibi citing it s ecological importance dda Dpt ks,Pole No 10 Village Jhuljhuli New Delhi 110073,1,163
221,It will be really helpful if you could share your concern in detail so that we can lodge your complaint with the concerned department,New Delhi India,-1,133
222,dda dda DDA should reduce freehold charges for GPA and original allottee to promote amp generate revenue during this Covid period,Dwarka New Delhi,1,129
223, dda DDA should reduce freehold charges for GPA and original allottee to promote amp generate revenue during thi,Dwarka New Delhi,1,112
224,dda DDA should reduce freehold charges for GPA and original allottee to promote amp generate revenue during this Covid period,Dwarka New Delhi,1,125
225, dda sharing the complaint number for your reference and quick action Complaint 20210203000066651,New Delhi India,-1,97
226,dda 64 Rps Colony Opp Khanpur Bus Depot M B Road New Delhi 62,Delhi,1,61
227, YDB Gwaith andros o dda gan Finnley o blwyddyn 8 Great to see the tools out at home Well done Finnley dtchat Upcycled sustain,Llangollen,1,126
228,The work is in process,New Delhi India,0,22
229,OFFICIAL dda OFFICIAL No action is taken due to authorities blaming each other to avoid responsibility and accountability Pls Intervene,Delhi,-1,135
230,you promised us a professional running sythetic track Where is it dda FitIndiaMovement fitIndia,Delhi India,1,95
231,dda Shared my contact number on the given email ID Thanks,New Delhi,1,57
232,rightly warned on 14 11 2014 that Bad days ahead for the Sheikh Sarai DDA Flats The whole system run by Official made life of Sheikh Sarai Phase1 residents miserable Can Media help us,,-1,183
233, dda In DDA STENOGRAPHER result the medium of steno skill is given wrong by DDA many candidates facing this,,0,107
234,dda Thank you for highlighting this to us We request you to please share the exact location and your contact details Our team will look into it and resolve the issue at the earliest,,1,181
235,Your grievance has been lodged with LG s Listening Post for redressal by dda Kindly provide your contact no at lggc delhi in for follow up You may download our App on iOS amp Android,New Delhi India,1,182
236,dda Sir Madam I filled up DDA stenogropher form and chose skill test medium english but in shortlisted candidates for skill test my skill test medium is in Hindi plz help,,1,170
237,Your grievance has been lodged with LG s Listening Post for redressal by dda Kindly provide your contact no at lggc delhi in for follow up You may download our App on iOS amp Android,New Delhi India,1,182
238,It will be really helpful if you could send us the exact location of the complaint so that we can lodge your complaint with the concerned department,New Delhi India,-1,148
239,dda What is the cut off of DDA Patwari exam,,0,43
240, dda sir I want to know if someone opted hindi for typing test and want to take test in english is that allo,Kanpur India,0,108
241,dda At least give 1 month for the preparation of stenographer Conducting skill test within 2 week of declaring the result is UNFAIR for the students,,-1,148
242,Sir I have registered a the complaint with the grievance number 2021001756 against the illegal construction Request you kindly acknowledge dda,,-1,142
243,dda sharing the complaint number for your reference and quick action Complaint 20210203000066651 FYI,Khurja Ghaziabad Meeut Rohini,-1,100
244,dda Please tell the exam pattern of DDA Patwari Stage 2 exam And will there be any waiting list after final result,Delhi,0,114
245,Cutoffs marks for Patwari Post dda,,0,34
246,dda regarding patwari examination Final selection will based on which paper tier 1 or tier 2 Because it is not clearly mentioned in notification Please clarify with an official notice Because this can be a matter of dispute in future as happened in JSA recruitment,,-1,264
247,We had a discussion with Leenu Sehgal dda Planning commissioner on the importance of public participation in Delhi master plan Also presented our campaign reports amp documents and gave her recommendations on how DDA can work with a democratic approach,New Delhi,0,252
248,dda Storm water drain cap broken DJB and MCD says DDA will do the job Serious accident waiting to happen Pocket 15A Sec 24 Rohini Delhi 85 9015303090,,-1,149
249,dda In DDA STENOGRAPHER result the medium of steno skill is given wrong by DDA many candidates facing this problem please correct the medium of skill,,0,149
250,gadkari dda illegal dda land grabbing of dda land by below mentioned person near by proposed Kalindi by pass by breaking dda wall and opening gate towards the dda land immediate action needed,,-1,191
251,i applied for dda stenographer hindi with ews category but now in written result it shows UR Please rectify this dda,Bikaner India,0,116
252,dda grivence no 2020013056 is submitted to honable lg office to save illegal grabbing of dda by breaking dda wall and opening gates towards the mentioned land lots of complaints made to dda officers but no action,,-1,212
253,dda This matter is under sh ashok kumar Dir hort South east,,0,59
254,dda OFFICIAL Ideally this should be cleaned on daily basics Sadly this is the truth of delhi administration After repeated complaints no action yet,Shimla India Delhi,1,147
255,dda OFFICIAL It s been a week no action has been taken yet Could you advise how much time will this take,Shimla India Delhi,1,104
256,Some center street lights are not working on main dwarka mor road to dwarka sec 6 road opp to Nsit collage dda,Dwarka Delhi,-1,110
257,Dear Inform why FIR has not been registered by Delhi Police so far against scamster corrupt DDA officials even after 8 months on request made by CVO of dda Ref PE F 27 06 19 Vig AVO 12 863 Dt 19 06 2020 to SHO Kotla MubarakPur ND,New Delhi,-1,229
258,dda I wonder how MCD official conveniently state in LG Post complaint 2020010044 ENCROACHMENT REMOVED Is it revenue gain to DDA,DELHI,-1,127
259,Dear amp Pl inform why a FIR has not been registered by Delhi Police so far against scamster corrupt DDA officials even after 8 months on request made by CVO of dda Ref PE F 27 06 19 Vig AVO 12 863 Dt 19 06 2020 to SHO Kotla Mubarak Pur ND,New Delhi,-1,239
260,dda India CBI Pl inform why corrupt scamster J P Agarwal of dda amp 3 others those were caught red handed by CBI on 04 04 2018 have not been convicted even after 34 months Ref CBI registered FIR No RC DAI 2018 A 0013 Dt 04 04 2018,New Delhi,-1,230
261, MLAgk When things are so messed up then it,,0,43
262,Dear Please inform why a FIR has not been registered by Delhi Police so far agnst scamster corrupt DDA officials even after 8 months on request made by CVO of dda Ref PE F 27 06 19 Vig AVO 12 863 Dt 19 06 2020 to SHO Kotla Mubarak Pur ND,New Delhi,-1,237
263,mcd We are extremely sorry for this experience We shall look into the matter and make sure you don t have to go through this again Going further please register all encroachment related complaints on the DDA311 app,New Delhi India,0,214
264,mcd The issue has been duly noted and forwarded to the concerned department,New Delhi India,0,75
265,The issue has been duly noted and forwarded to the concerned department,New Delhi India,0,71
266,dda mcd DDA LIG FLATS PKT G amp H Sector B 2 Narela North West Delhi Landmark Near Shani Mandir Delhi PIN 110040 M 7982353611 dda We will be so much thankful to you in this,,1,172
267,Have dda and prepared list of pending ground rents and property taxes since last 6 years Most ppl don t submit the taxes India gadkari,,1,134
268,dda I submit a grievance on lg listening post grivenc no 2020009922 on 5 10 20 regarding the illegally grabbing the dda by breaking dda wall but it s to know nothing has been done by concern offices in matter lglisteningpost,,-1,224
269,MLAgk dda There s no mess all the provisions are already there made during tenure of ji They just have to be implemented as they did in case of Old Double Storey What they did after 3 years of sealing could have been done before,Kasturba Nagar Vidhan Sabha,1,228
270,It will be really helpful if you could share your complaint in detail so that we can lodge your complaint with the concerned department,New Delhi India,-1,135
271,MLAgk When things are so messed up then it is best to resolve it by using LOGIC and try to keep it SIMPLE dda thanks for ur support but plz ask some to act Logically its a request,,1,179
272,OFFICIAL dda Complaint pertains to DDA CPCB kindly forward to concern deptt,New Delhi India,1,75
273,dda my society collects and deposit ground rent for all the flats every year with DDA why at the time of conversion of flat DDA asks money again and that too with penalty,,-1,170
274,dda 1 Appointment Link inaccessible 2 Appointment Link at blocked,DELHI,0,65
275,dda dda RESPECTED SIR IT S BEEN A WEEK NO ACTION TAKEN I WILL REMIND YOU DAILY BUT AS I SEE NOT GETTING ANY RESPONSE I HOPE YOU WILL TAKE ACTION ASAP WE ARE VERY THANKFUL IF YOU TAKE ACTION,Tilak Nagar New Delhi,1,189
276,dda can you plz tell the error percentage allowed for general and reserved category in the JSA typing test to be conducted on 16 Feb As it is not mentioned in official notification again,,1,186
277, MLAgk Supreme Court Very clear that sealing should not have taken,New Delhi India,1,66
278, MLAgk Supreme Court Very clear that sealing should not have taken,,1,66
279, According to SC SHOP Plots sealing was wrong,,-1,45
280,MLAgk Supreme Court Very clear that sealing should not have taken place dda,,1,75
281,According to SC SHOP Plots sealing was wrong dda,,-1,48
282,DDA MPD2041 what s next Mixed Language Mess version 2 dda India,New Delhi India,-1,63
283,MIRAE SON DONGPYO FIGHTING,she her,0,26
284, dda sir I want to know my score in DDA SO HOICULTURE my roll number is 12390700002 according to ur answ,,0,104
285,These Poles are of DDA and maintenance of Streetlights on DDA Roads are with BSES India Kindly confirm whether Streetlights are with EESL or BSES dda Also request kindly confirm who will rectify these Streetlights installed by DDA,New Delhi India,1,230
286,the only part i can do in the sugar dance challenge is the walk out part SugarDanceChallenge KIMWOOSEOK official,she her,0,112
287,official okay will do tiktok too,she her,1,32
288, KWS 210204 M Countdown Kim Wooseok Sugar Stage 2 The song and the choreography are so good So proud of Wooseok,,1,111
289,Official Hopefully action will be taken soon by concern authorities Official dda,,1,80
290, Sir Supply of Hard underground water in newly built DDA flats under DDA housing scheme 2019 at Vasant Kunj is making,,-1,117
291, dda respected sir thank you for listening to our problems regarding the new typing rules isn t it too harsh and,,-1,112
292,EESL SDMC representative already visited the Site and confirm these Streetlights are not belongs to EESL SDMC Pls don t send a Standard reply without checking with yr concerned Officials Kindly ask yr Officials to visit the Site and confirm accordingly dda,New Delhi India,1,256
293,Streetlights on the Service Lane along with Boundary Wall of Sargodha Apartment PLOT NO 13 SECTOR 7 DWARKA Pole No 45 TO 50 not working for couple of months As per EESL SDMC Streetlights are not belongs to them Kindly rectify these streetlights dda,New Delhi India,1,248
294,b pollution dda I was pointing out for the dangerous height of the building and still not in the list of the website of the booked building Why Two plots1 building of so called D 14 233 234 pair combined Sector 3 Rohini Delhi 110085 Civil Society wanted to see in the booked properties,,-1,285
295,dda Raised a complain regarding property repair on DDA 311 app but no action has been taken yet,,-1,95
296, b pollution TUNTUN dda The said shops in the stil,,0,50
297,dda How students will come for typing test who lives near by singhu or tikri border because of ongoing farmer protest Both borders are closed and there is internet shutdown also,,0,177
298, MCOUNTDOWN On Air official KIMWOOSEOK Sugar Watch Now,she her,0,54
299, KWS 210204 M Countdown Kim Wooseok Sugar Stage 1 The song and the choreography are so good So proud of Wooseok,,1,111
300,pollution TUNTUN dda The said shops in the stilt parking were sealed on the direction of Monitoring Committee the same has been conveyed to Monitoring Committee accordingly at present these shops are sealed,,0,206
301,dda Contact numbers are not functional No technical support is working writing mails to ddatechhscare org in but no response Please help in technical support,,0,157
302, MCOUNTDOWN On Air official KIMWOOSEOK Sugar Watch Now,,0,54
303,dda Thanks for your prompt response Appreciated,,1,47
304,The issue has been duly noted and forwarded to the concerned department,New Delhi India,0,71
305,its a request to to pay the salary of cleaning workers All the roads are filthy forget about the sanitized homes and roads shame ton you dda,Delhi India,-1,140
306, dda Sir DDA has conducted computer based exam for the post of Stenographer But there is only one hindi typing,MAINPURI U P,0,110
307,dda Oh please we already see how you manage public hearing reopening,New Delhi India,0,68
308, Please battery don t fail me now I need to watch his first stage KIMWOOSEOK 2ND DESIRE TASTY official,,-1,102
309, KIMWOOSEOKCOMEBACKSTAGE Sugar SugarOnStage official,,0,52
310,dda Please follow the typing rules of SSC which conducts typing each year for LDC posts,Jaipur India,0,87
311, official KIMWOOSEOKCOMEBACKSTAGE Sugar SugarOnStage official,,0,61
312, official cant wait Sugar SugarOnStage official,,0,47
313, KIMWOOSEOKCOMEBACKSTAGE Sugar SugarOnStage official,,0,52
314,OFFICIAL dda As reported by JE the site has been inspected and found that repair work is carried out by the owner at ground floor,,0,129
315,dda Fwd Request To Your Kind Self Please Accept Our Application Of Allotment Of This Said Plot In DDA PDR Rates Basis Policy Ref No PMOPG E 2021 0036715,,1,152
316, shot Sugar TASTY YOU GOT THE BEST OF ME SugarOnStage YOU GOT IT ALL KIMWOOSEOK Official 2ND DESIRE,,1,99
317, three KIMWOOSEOKCOMEBACKSTAGE Sugar TASTY SugarOnStage official,,0,64
318, KIMWOOSEOKCOMEBACKSTAGE Sugar TASTY SugarOnStage official,,0,58
319, KIMWOOSEOKCOMEBACKSTAGE Sugar TASTY SugarOnStage official,,0,58
320, 2eunsang KIMWOOSEOKCOMEBACKSTAGE Sugar TASTY SugarOnStage official,,0,67
321, KIMWOOSEOKCOMEBACKSTAGE Sugar TASTY SugarOnStage official,,0,58
322, KIMWOOSEOKCOMEBACKSTAGE Sugar TASTY SugarOnStage official,,0,58
323, SugarComebackstage Sugar TASTY 6pmMcountdownonstage SugarOnStage SoSweetSoTastyComeback official,,0,97
324, KIMWOOSEOKCOMEBACKSTAGE Sugar TASTY SugarOnStage KIMWOOSEOK official,,0,69
325, KIMWOOSEOKCOMEBACKSTAGE Sugar TASTY SugarOnStage official,,0,58
326, 2eunsang KIMWOOSEOKCOMEBACKSTAGE Sugar TASTY SugarOnStage official,,0,67
327, KIMWOOSEOKCOMEBACKSTAGE Sugar TASTY SugarOnStage official,,0,58
328, ethereal Hope You can enjoy your first stage In a long time and be careful Sugar TASTY SugarOnStage KIMWOOSEOK,,1,111
329, KIMWOOSEOKCOMEBACKSTAGE Sugar TASTY SugarOnStage official,,0,58
330, Hastagnya ganti yahh KIMWOOSEOKCOMEBACKSTAGE Sugar TASTY SugarOnStage official,,0,79
331, official love you baby Sugar TASTY SugarOnStage,,1,48
332, Makes everyone fall inlove in your charm official Sugar TASTY SugarOnStage,,0,75
333,dda India sahibsingh IND We have applied under PM UDAY to get the ownership right of our property on 20 05 2020 now the processing centre is saying the application is not reflecting on PC portal PC 107 Case ID is PM UDAY CASE 21052020063327 1,,1,242
334,dda We have applied under PM UDAY to get the ownership right of our property on 20 05 2020 now the processing centre is saying the application is not reflecting on PC portal PC 107 Case ID is PM UDAY CASE 21052020063327 1,,1,221
335, I love Sugar but can t wait to hear the rest of the songs too 6 SUGAR KimWooseok Sugar OnStage official,,1,104
336, dda Officia,Tilak Nagar New Delhi,0,12
337, SUGAR COMEBACK STAGE HASHTAG PAY Join us as we celebrate with a hashtag party for Wooseok s Sugar comeback stage on,,0,116
338, get a guy who can do both KIM WOOSEOK 6 SUGAR COMEBACK KimWooseok Sugar OnStage SUGAR SOTY official,,0,100
339,OFFICIAL dda Please take necessary action,,1,41
340,dda learnt from newspapers that you are coming up with draft master plan 2041 for public view by 15 Hope through this document you have removed the wrongly imposed OZONE tag from Jaitpur meethapur amp hrinagar wards of badarpur,,-1,227
341, dda Respected Sir Madam When will result of Dda Stenographer come Please answer,,0,80
342,dda Respected Sir Madam When will result of Dda Stenographer come Please answer,,0,79
343,dda Is any plan to decongest DdaDwarkaFlyover,,0,45
344,The issue has been duly noted and forwarded to the concerned department,New Delhi India,0,71
345, Myanmar Thank you so much Myanmar Nias We closed the discount event as 50 albums are already sold out It s a big achievement,,1,125
346, Myanmar Thank you so much Myanmar Nias We closed the discount event as 50 albums are already sold out It s a big achievement,w96c Don t crop my credit w96c,1,125
347,dda This drainage need immediate repair but despite given several reminders to DDA Manglapuri it was not addressed since last 1 yr R we waiting for some mishappening Schools are reopening tomorrow,New Delhi,0,196
348,Proud to be a part of help for official 2ND DESIRE TASTY KIMWOOSEOK,,1,67
349,dda OFFICIAL Director Delhi Development Authority Sir These sign boards which signify Dwarka Sector 7 Dada Dev Palam have been malfunctioning for a long time which should B taken into consideration by the department and work quickly to rectify this defect,,1,255
350, Myanmar Thank you so much Myanmar Nias We closed the discount event as 50 albums are already sold out It s a big achievement,,1,125
351, Myanmar Thank you so much Myanmar Nias We closed the discount event as 50 albums are already sold out It s a big achievement,worldwide,1,125
352,Thank you so much Myanmar Nias We closed the discount event as 50 albums are already sold out It s a big achievement Thank you so much dda amp for working hard at supporting official 2ND DESIRE TASTY KIMWOOSEOK,Myanmar,1,210
353,I strongly support to save restore and revive this urban water body Dwarka is one of the planned Sub City of DDA planning also involves conservation and restoration of water bodies underground water table going deteriorated yr after yr Official dda,India,1,248
354,OFFICIAL dda Complaint pertains to DDA CPCB please forward to concern department,New Delhi India,-1,80
355,dda Comp No 2021000961 rgstrd on LG LISTENING via V found DDA s pipeline drain is absent amp chocked around Pkt 3 Sec 21 Rohini DDA officials know this fact but unresolved for years Pls lay new pipeline drains AJAY GUPTA Org Sect RWA Pkt3 Sec21 Rohini Mob 9540930095,,1,266
356, I m excited about today s stage official KIMWOOSEOK 2ND DESIRE TASTY Sugar,she her,1,75
357,Ino1 Rig Veda kun AmandaPllease Official sugarsparkle Faulki vegian Fire emblem todos Final fantasy 7 Nier automata Castlevania symphony of the night Zelda breath of the wild Sekiro DDA,,1,185
358,dda dda IPS JUST A REMINDER MSG TO ALL RESPECTED GOVT OFFICIAL SENIOR MY COMPLAINT IS STILL PENDING THINGS ARE SAME AND WE SUFFERED,Tilak Nagar New Delhi,-1,131
359,Check out the official Pratt DDA Commons website The commons website is a wonderful place to find all kinds of useful resources this semester This includes things like department contact information announcements and much more prattinstitute dda,Brooklyn NY,1,245
360,dda kindly reply on below doubt,,1,31
361, Trimming of trees are required in area opp to NSIT collage dwarka mor sulahkul mandir road as branches of tree stop s,New Delhi India,0,118
362,Day126 Look the IRONY we hv been writing constantly to for no water supply in Delhi but till date no action is taken Where as chadha is gone with water tanker Delhi border dda,New Delhi India,-1,175
363,Day126 Look the IRONY we hv been writing constantly to for no water supply in Delhi but till date no action is taken Where as chadha is gone with water tanker Delhi border dda,New Delhi India,-1,175
364,Day126 Look the IRONY we hv been complaining amp writing constantly to for no water supply in Delhi but till date no action is taken Where as chadha is gone with water tanker Delhi border dda,New Delhi India,-1,191
365,Day126 Look the IRONY we hv been complaining amp writing constantly to for no water supply in Delhi but till date no action is taken Where as chadha is gone with water tanker Delhi border dda,New Delhi India,-1,191
366, dda sir I want to know my score in DDA SO HOICULTURE my roll number is 12390700002 according to ur answ,Madhubani Bihar,0,104
367,dda Sir those students who are not shortlisted for the document verification for the post sectional horticulture will DDA reveal score who are not selected,,0,155
368,dda Thanks dda,mehruli new delhi,1,14
369,dda Sir DDA has conducted computer based exam for the post of Stenographer But there is only one hindi typing layout known as Remington Gail There are a number of typing fonts in Hindi Sir Please provide at least all mangal font keyboard layouts,MAINPURI U P,-1,245
370,The issue has been duly noted and forwarded to the concerned department,New Delhi India,0,71
371,mcd It will be really helpful if you could send us the exact location of the complaint so that we can lodge your complaint with the concerned department,New Delhi India,-1,152
372,dda sir I want to know my score in DDA SO HOICULTURE my roll number is 12390700002 according to ur answer key my score is 73 45 but provisionally not shortlisted and one of my friend score 73 09 roll no 16420700798 got shortlisted so clearify my score,,0,251
373,The issue has been duly noted and forwarded to the concerned department,New Delhi India,0,71
374,dda this is the area near fountain in japanese park rohini where kids do skating,,1,80
375,dda Khasra no 218 laddha sarai and khasra no 869 870 mehrauli this land is under DDA but due to negligence the park is going under anti social people base please make a park in khasra 218 laddha sarai khasra no 869 870 Mehrauli,mehruli new delhi,-1,227
376,It will be really helpful if you could share your complaint in detail so that we can lodge your complaint with the concerned department,New Delhi India,-1,135
377, shot Talk To Woo KIMWOOSEOK Official 2ND DESIRE TASTY,she her,0,54
378,What is the reason that dda cant make park in Khasra no 218 Laddha Sarai and Khasra no 869 870 Mehrauli Due to the negligence of DDA anti social people have made it their base,mehruli new delhi,-1,175
379,dda The Owner Of This Building Barat Barar Also make A Illegally Basement In this Building I lodged so many complaints against this culprit but none take action,New Delhi India,1,160
380,dda Thanks Just wanted to know if DDA had launched penthouses and super HIG as advertised in Feb 2020 as in Mar lockdown started In 2021 I can t see those options,India,1,162
381,It will be really helpful if you could share your complaint in detail so that we can lodge your complaint with the concerned department,New Delhi India,-1,135
382, WE THANK THE HON CJI TO UNDERSTAND OUR PAIN AND also of UNDEANDING OF THE MATTER at hand dda,New Delhi India,0,93
383,DDA recruitment department plz have look on date which u were mention in this DDA dda,New Delhi India,0,85
384,dda why there is noone at DDA customer care who can tell about what happened to housing 2020 penthouses and super hig,India,1,117
385,We are extremely sorry for this experience We shall look into the matter and make sure you don t have to go through this again Going further please register all encroachment related complaints on the DDA311 app,New Delhi India,0,210
386,It will be really helpful if you could send us the exact location of the complaint so that we can lodge your complaint with the concerned department,New Delhi India,-1,148
387,OFFICIAL dda This vacant land is DDA CPCP kindly forward this complaint to DDA,New Delhi India,1,78
388,The issue has been duly noted and forwarded to the concerned department,New Delhi India,0,71
389,Garhwali The issue has been duly noted and forwarded to the concerned department,New Delhi India,0,80
390,dda how many days prior to skill test you will announce shortlisted candidates for stenographer exam please respond,Palam New Delhi,1,115
391, WE THANK THE HON CJI TO UNDERSTAND OUR PAIN AND also of UNDEANDING OF THE MATTER at hand dda,New Delhi India,0,93
392,This Building Is Illegally Constructed And This Is Very Dangerous To Nearby Buildings And People Who Live Around I Request Authoritys To Take Strict Against This dda,New Delhi India,-1,165
393, WE THANK THE HON CJI TO UNDERSTAND OUR PAIN AND also of UNDEANDING OF THE MATTER at hand dda,Rajouri Garden New Delhi,0,93
394,dda i am a allotee of rohini residential scheme 1981 and i have completed all payment and have been given the letter of office possesion but i am waiting for the lease deed to be executed My number is 8800933001,,0,211
395, WE THANK THE HON CJI TO UNDERSTAND OUR PAIN AND also of UNDEANDING OF THE MATTER at hand dda,,0,93
396, dda hindu,,0,10
397,dda hindu Thanks a lot to Hon CJI,,1,33
398, WE THANK THE HON CJI TO UNDERSTAND OUR PAIN AND also of UNDEANDING OF THE MATTER at hand dda,,0,93
399, WE THANK THE HON CJI TO UNDERSTAND OUR PAIN AND also of UNDEANDING OF THE MATTER at hand dda,,0,93
400, dda Dear Sir I am one of the SO horticulture aspirant Kindly clarify me that how you people calculated cutoff th,,1,113
401,dda Please mention no of students attended in each shift for SO horticulture and their individual marks And shifts highest marks,,0,128
402,WE THANK THE HON CJI TO UNDERSTAND OUR PAIN AND also of UNDEANDING OF THE MATTER at hand dda,,0,92
403,dda Dear Sir I am one of the SO horticulture aspirant Kindly clarify me that how you people calculated cutoff through normalization Because 1 st shift paper is too easy second shift paper is too tough And nearly 10 questions are wrong in 2 nd shift,,1,248
404, dda sir the formula of JSA typing is totally unfair if I type 2200 keystroke in 10 minutes and unfortunately,,-1,109
405,dda respected sir thank you for listening to our problems regarding the new typing rules isn t it too harsh and difficult for candidates to multiply error by 10 DDA JSA,,-1,168
406,In the past I have directly complaint on Lg s listening post regarding dda but no action was taken by the assigned officers Unfortunately you are the chairman of DDA,,-1,165
407,chadha Dear sir plz change my pipeline because the delhi jal board has been damaged my water pipeline and i have to temporarily basis to connect to pipeline and it breaks again and again plz solve my problem Deepak vihar Vikas nagar dda,New Delhi India,0,236
408,dda Why the DDA Housing Scheme 2014 Login has been removed,New Delhi India,0,58
409,dda Pls do the needful,Paschim Vihar New Delhi,0,22
410,The bench has directed dda to not allow any new construction repeat areal survey at regular interval and remove or demolish any authorised construction in case found,New Delhi India,1,165
411,pollution iima NareshYadav OFFICIAL The issue has been duly noted We will keep you updated,New Delhi India,0,90
412, Join our webinar india,Jaipur,0,23
413, Join our webinar india,New Delhi India,0,23
414, Join our webinar india,Kolkata India,0,23
415,dda This is so unfair asking for 100 accuracy at 35wpm Every other exam allows 5 relaxation this is so unfair,,-1,109
416,pollution OFFICIAL The concerned Complaint relates to NMCD Issue will be taken up with NMCD,New Delhi India,-1,91
417,It will be really helpful if you could share your complaint in detail so that we can lodge your complaint with the concerned department,New Delhi India,-1,135
418,dda sir the formula of JSA typing is totally unfair if I type 2200 keystroke in 10 minutes and unfortunately my 10 words are wrong typed then speed will be 34 wpm which is totally unfair becoz u count mistake 2 per word not key strokes plz clear it,Sawai Madhopur India,-1,248
419,dda sahibsingh Hope for early action,Dwarka Delhi,1,36
420,OFFICIAL aap pollution Dpt The issue has been duly noted We will keep you updated,New Delhi India,0,81
421,dda my file number is F16 14668 2012 RHN and i am waiting for lease deed execution,,0,82
422,ggc dda India MoHUA Without basic amenities how can peoples will live there No water no electricity Poles without wire no road no safety,,1,136
423,dda India MoHUA west Delhi new sectors need attention This is poor condition,India,-1,76
424,dda Please take action against the complaint received at CPCB and update Complaint ID CPCBTW 10370,New Delhi India,-1,98
425,aap pollution Dpt dda Please take action against the complaint received at CPCB and update Complaint ID CPCBTW 10369,New Delhi India,-1,116
426,Encroachment is increasing in EastDelhi with no action from Civic authorities DDA says it s PWD PWD says it s MCD and MCD says it s Delhi Govt Can we have some accountability dda,New Delhi,-1,178
427,dda India PMUDAY MoHUA Dear Sir s Your urgent intervene is required immediately on this long due issue,new delhi,-1,102
428,dda pollution NareshYadav OFFICIAL Yamuna Apartments Sector D Pocket 6 Vasant Kunj New Delhi 110070 DDA contractor is doing girt wash work for all the towers in Yamuna,Delhi,1,167
429, Sir Supply of Hard underground water in newly built DDA flats under DDA housing scheme 2019 at Vasant Kunj is making,,-1,117
430,dda Letter Received from DDA DDA File No PMOPG E 2021 0036715 Your mail dated 2 02 2021 has been forwarded to the Commissioner LD branch for taking necessary action OSD To VC DDA Please Accept Our Application Of Allotment Jai HIND,,1,230
431,The issue has been duly noted and forwarded to the concerned department,New Delhi India,0,71
432,pollution iima NareshYadav OFFICIAL It will be really helpful if you could send us the exact location of the complaint so that we can lodge your complaint with the concerned department,New Delhi India,-1,184
433,OFFICIAL The issue has been duly noted We will keep you updated,New Delhi India,0,63
434,It will be really helpful if you could send us the exact location of the complaint so that we can lodge your complaint with the concerned department,New Delhi India,-1,148
435, India 82,,0,9
436,dda publish Result for SO Horti,,0,31
437,dda Sir Ma am Will the space key be counted as a keystroke in typing test which is to be held on 16 02 2021,,0,107
438,dda kindly look into the matter,India Delhi,1,31
439,aap OFFICIAL pollution Dpt Complaint pertains to DDA OFFICIAL,PWD HeadQuater ITO,-1,61
440,iima NareshYadav OFFICIAL dda dda Kindly take necessary action and upload ATR,New Delhi India,1,77
441,iima NareshYadav pollution The issue has been duly noted and forwarded to the concerned department,New Delhi India,0,98
442,sahibsingh The issue has been duly noted and forwarded to the concerned department,New Delhi India,0,82
443,OFFICIAL dda Small gali complaints not pertains to PWD Delhi OFFICIAL,PWD HeadQuater ITO,-1,69
444,dda dda Please take action against the complaint received at CPCB and update Complaint ID CPCBTW 10366,New Delhi India,-1,102
445,dda In japanese park proper sanitation is not maintained kindly look into it,,1,76
446, Sir Supply of Hard underground water in newly built DDA flats under DDA housing scheme 2019 at Vasant Kunj is making,New Delhi India,-1,117
447, Sir Supply of Hard underground water in newly built DDA flats under DDA housing scheme 2019 at Vasant Kunj is making,,-1,117
448, Sir Supply of Hard underground water in newly built DDA flats under DDA housing scheme 2019 at Vasant Kunj is making,,-1,117
449,Dear NareshYadav DDA is undertaking extremely noisy 100 150 dB drilling work in our society Yamuna D 6 Vasant Kunj since 3 weeks now Inhuman and impossible to live in such condition pollution OFFICIAL dda,Delhi,-1,204
450, Sir Supply of Hard underground water in newly built DDA flats under DDA housing scheme 2019 at Vasant Kunj is making,Rae Bareli,-1,117
451, Calling all Nias FLASH SALE FOR GENIE PASS To help more Nias stream Sugar I will be offering different genie pass,,1,114
452, Trimming of trees are required in area opp to NSIT collage dwarka mor sulahkul mandir road as branches of tree stop s,New Delhi India,0,118
453,Trimming of trees are required in area opp to NSIT collage dwarka mor sulahkul mandir road as branches of tree stop street light to scattering dda sahibsingh,Dwarka Delhi,1,157
454, Sir Supply of Hard underground water in newly built DDA flats under DDA housing scheme 2019 at Vasant Kunj is making,India,-1,117
455, Announce all post dda results dda,,0,34
456,Announce all post dda result 2020 dda,New Delhi,0,37
457,Dear elected representives NareshYadav and is undertaking extremely noisy 100 150 dB drilling work in our society Yamuna D 6 Vasant Kunj since 3 weeks now Inhuman and impossible to live in such condition pollution dda,Delhi,-1,217
458, India 82,Gujarat India,0,9
459,Sir Supply of Hard underground water in newly built DDA flats under DDA housing scheme 2019 at Vasant Kunj is making severe damage to our skin and hair Need immediate attention from authorities PMOIndia djb official dda,,-1,219
460,dda Hundreds of flats allotted under NPRS 1979 are not deposited instalments If online method is devised to search pending instalments and penalty people will deposit the money,,0,176
461, dda dda NO ACTION TAKEN UNAUTHORIZED CONSTRUCTION FIRST FLOOR SHOP NUMBER 86 2,Tilak Nagar New Delhi,1,79
462, Calling all Nias FLASH SALE FOR GENIE PASS To help more Nias stream Sugar I will be offering different genie pass,Kim Wooseok supremacy,1,114
463,India 82 dda Requesting to india to accept revenue oriented direction of Highcourt amp issue guidlines to accept revenue from the Trade amp industry they r ready to pay 3972 Cr against Svldrs3 SIMPLY ISSUE ONE LINE ORDER SabkaSaathSabkaVikas,,1,241
464, Announce all post dda results dda,,0,34
465, Announce all post dda result 2020 official,,0,43
466, dda announce announce result at the earliest Student s patience is wearing thin Exams were con,,-1,95
467,dda please reply regarding dda JSA stage 3 typing test to be held on 16 Feb 2021 I want to know if candidates are allowed to bring their own keyboard since last time the center provided malfunction keyboard for test held on 21 Dec 2020,,1,235
468,dda regarding dda JSA stage 3 typing test to be held on 16 Feb 2021 I want to know if candidates are allowed to bring their own keyboard since last time the center provided malfunction keyboard for test held on 21 Dec 2020,,1,222
469,dda regarding dda JSA stage 3 typing test to be held on 16 Feb 2021 I want to know if candidates are allowed to bring their own keyboard since last time the center provided malfunction keyboard for test held on 21 Dec 2020,,1,222
470,dda regarding dda JSA stage 3 typing test to be held on 16 Feb 2021 I want to know if candidates are allowed to bring their own keyboard since last time the center provided malfunction keyboard for test held on 21 Dec 2020,,1,222
471,dda dda regarding dda JSA stage 3 typing test to be held on 16 Feb 2021 I want to know if candidates are allowed to bring their own keyboard since last time the center provided malfunction keyboard for test held on 21 Dec 2020,,1,226
472,dda dda please reply regarding dda JSA stage 3 typing test I want to know if candidates are allowed to bring their keyboards since last time the keyboard provided was not working,,0,178
473,dda OFFICIAL Hope this will be taken care,Shimla India Delhi,0,41
474, India 82,Munger India,0,9
475,We regret the inconvenience caused to you over the delay in addressing your issue The concerned department will act to resolve the matter at the earliest,New Delhi India,0,153
476,It will be really helpful if you could share your complaint in detail so that we can lodge your complaint with the concerned department,New Delhi India,-1,135
477, India 82,,0,9
478,facts gadkari sahibsingh The issue has been duly noted and forwarded to the concerned department,New Delhi India,0,96
479,dda no response to the earlier query raise for cheap construction material used in signature view apartment life is at stake Roof is falling on our heads Will have to move out of the house to save our families life Please help us,,1,229
480,dda announce announce result at the earliest Student s patience is wearing thin Exams were conducted three months ago And results are still awaited This is your so called digital india Release the result at the earliest,Datia India,-1,219
481, India 82,,0,9
482,dda MeitY Govt should think for SALARIED CLASS Employees,delhi india,0,56
483,OFFICIAL We are extremely sorry for this experience We shall look into the matter and make sure you don t have to go through this again Going further please register all encroachment related complaints on the DDA311 app,New Delhi India,0,219
484,facts gadkari sahibsingh It will be really helpful if you could send us the exact location of the complaint so that we can lodge your complaint with the concerned department,New Delhi India,-1,173
485,Dear dda Please clear this Will 1 Wrong Word will be counted as 10 Wrong Words,New Delhi India,-1,78
486, kandola dda sir please tell me When will be the result of DDA Section Officer declared,Haryana India,0,87
487,We request you to follow us so that we can Direct Message you regarding your concern,New Delhi India,1,84
488, shot Kim Wooseok Music Show Schedule this week 2 4 Thursday MNET M Countdown 2 5 Friday KBS Music Bank 2 6 Saturday MBC,she her,0,120
489,dda Name Rajkumari soni Pan no DFBPS2670H For applying DDA Awas yojna Manglapuri Dwarka 51 Dear sir I want to change my payment type option Sir I made mistake I choose offline option but I want to pay online payment type option pls solve,,0,237
490,OFFICIAL We are extremely sorry for this experience We shall look into the matter and make sure you don t have to go through this again Going further please register all encroachment related complaints on the DDA311 app,New Delhi India,0,219
491,India The issue has been duly noted and forwarded to the concerned department,New Delhi India,0,77
492, Condition of Roads of Metro Apartment DDA Flats Jahangir puri Delhi 33 dda mcd,,0,79
493, OFFICIAL dda pollution This Radha Krishna,,0,42
494, OFFICIAL dda after repeated,,0,28
495, dda OFFICIAL Illegal occupancy of dda land and converting it to parking cricket pit,,-1,84
496,dda Do you this shame detail in Hindi Language If Yes so please share the Link,New Delhi India,0,78
497, OFFICIAL pollution dda Dear Sir Kindly send us the exact location of the complaint your,,1,88
498, pollution Newly constructed drain are open from above from day one no manholes were installed resulting is mosquito b,,1,118
499,dda India DDA Housing Scheme 2021 For Payment PNB bank not exist My account in PNB only so how can i proceed further kindly advise,India,1,130
500,dda NHRC DDA Stops Illegal FAR Construction at DPS CGHS Dwarka,New Delhi India,-1,62
501, Join our webinar india,Bhubaneswar,0,23
502,India 82 dda Please save msme Rip GST NirmalaSitharaman GST PMOIndia GSTAmnesty GSTLateFees500,Rajasthan India,0,94
503,dda Kindly update on this,New Delhi India,1,25
504, king dda dear sir in the DDA JSA typing test which will held on 16 Feb On that typing test if we correct any inco,,0,114
505, king dda Dear Sir plz tell us that how will be the typing speed calculated in the DDA JSA typing test which held,,0,113
506,dda Dear Sir plz tell us that how will be the typing speed calculated in the DDA JSA typing test which held on 16 February 2021,,0,127
507,dda Please share whether the biometric for mutation cases will begin from 4feb or not at NSK,,0,92
508,dda Please publish DDA jsa typing instructions notice,Patna India,0,53
509, DelhiDevelopmentAuthority to reopen public hearing at its headquarters Vikas Sadan from February 4 Entry only for th,pune,0,117
510, pollution TUNTUN dda PLEASE TAKE NECESSARY ACTION,New Delhi India,1,50
511,pollution TUNTUN dda PLEASE TAKE NECESSARY ACTION b,,1,51
512,Delhi Development Authority allows public hearings with Covid 19 norms check details DelhiDevelopmentAuthority PublichearingsatDDA PublichearingsatVikasSadan DDApublichearings Delhinews dda,New Delhi India,0,189
513,DDA to re open public hearing at Vikas Sadan from 04 02 2021 with social distancing norms,New Delhi India,1,89
514, DelhiDevelopmentAuthority to reopen public hearing at its headquarters Vikas Sadan from February 4 Entry only for th,Mumbai,0,117
515,DelhiDevelopmentAuthority to reopen public hearing at its headquarters Vikas Sadan from February 4 Entry only for those with no risk low risk status on Aarogya Setu app dda,,0,172
516,dda Company is not providing GIs survey no Instantly why they taking time,,0,73
517,dda pollution OFFICIAL OFFICIAL Resolved Some strangers throw garbage Malba and trash on this road every day Also it is to inform you that all the garbage Malba of this road is regularly cleaned by us from time to time,New Delhi India,0,218
518,The issue has been duly noted and forwarded to the concerned department,New Delhi India,0,71
519,dda under what section or provision you have allowed mobile towers four floor permissions to LIG flats Commercial use to the property owners DelhiModel Official has turned a blind eye so did dda MPD2041,New Delhi India,-1,202
520,dda Complaint forwarded to the concerned department for redressal,Delhi India,-1,65
521,OFFICIAL dda Please note that no action has been taken till date as the footpaths remains encroached doing open defacation open fire Littering all over the place leading to foul smell in the surrounding,New Delhi India,-1,202
522,dda dear dda board of recruitment i have to know about hindi typing that is 100 accuracy is compulsory for selection,,0,116
523,dda There is no clear guideline about dda jsa retyping test still now I request DDA to publish the detailed notification There is so much confusion about the rules of typing test Please clear all doubts of the candidates,,1,220
524,dda Fwd Request To Your Kind Self Please Accept Our Application Of Allotment Of This Said Plot In DDA PDR Rates Basis Policy Ref No PMOPG E 2021 0036715,,1,152
525, ViPin Announce all post dda result 2020 dda,,0,44
526,pollution dda Please take action against the complaint received at CPCB and update Complaint ID CPCBTW 10351,New Delhi India,-1,108
527, Announce all post dda result 2020 dda,,0,38
528,dda Open drain ready for a big Accident No one is ready to solve the issue Address Pocket 15A Sec 24 Rohini Delhi 85 9015303090,,1,127
529,dda Shame Shame Shame For how long you will hold the results of DDA Recruitment 2020 21 Various Posts For last 2 months you are saying Shortly next week tomorrow and what not Set aside the JSA issue amp declare Other Posts Results,Madhubani Bihar,-1,230
530,dda Announce all post dda result 2020 official,,0,46
531,Announce all post dda results dda,New Delhi India,0,33
532,dda announce all post dda result 2020,,0,37
533,Announce all post dda result 2020 official,,0,42
534, shot M COUNTDOWN Teaser Kim Wooseok cut Snippet of the choreography KIMWOOSEOK Official 2ND DESIRE TASTY,she her,0,105
535,Announce all post dda result 2020 dda,,0,37
536,Announce all post dda result 2020 dda,Madhubani Bihar,0,37
537,Announce all post dda result 2020 dda,,0,37
538,dda kindly look into this matter And solve this issue as soon as possible,Najafgarh New Delhi,1,73
539,dda Hi dda what will be the pattern of DDA JSA typing Please let me know,,0,72
540,dda why DDA not declared result of other post or only JSA is important for DDA,,1,78
541,Please put in public domain the revenue collection from for storage of cemented poles on DDD land MTNL ground opposite ACP office near BSES MMG office dda,,1,154
542,India Office dda News Two other cases on DDA Housing Scheme 2010 against most corrupt dda are also pending for the last 7 years In all three pending cases penalty of 10 000 Crores is likely to be awarded by India against DDA and instead CCI is acting as KumbhKaran,New Delhi,-1,264
543,India Office Why Investigation Report of India Dt 21 12 2017 in Rohini Residential Scheme 1981 case no 78 of 2016 against dda has not been implemented even after 3 yrs Is this the way India function for public related cases News,New Delhi,0,228
544, FanUnion February 2 2020 was indeed a Happy Day Thank you Hangyul and Dohyon for always being our light Thank you also t,she her,1,121
545,dda Announce all post dda result 2020 official,,0,46
546,Please visit official website for the details,New Delhi India,0,45
547,dnwm official I m looking forward to it,Indonesia,0,39
548,official hope you have fun with nias,she her,1,36
549,dnwm official Thankyouuuuu,Indonesia,0,26
550,official hello bong welcome to the nia fam,she her,1,42
551,dda dda NO ACTION TAKEN UNAUTHORIZED CONSTRUCTION FIRST FLOOR SHOP NUMBER 86 20 BLK DDA MARKET NEAR 20 BLK GURUDWARA TILAK NAGAR COVERED ALL ENTRACE AREA RIKSHAW REDIYAN TRANSFORMER IS THERE AFTER 6 PM OR 7PM NO ONE CAN ENTER PLEASE CLEAN,Tilak Nagar New Delhi,1,238
552,dda dda IPS Malik1 NO ACTION TAKEN IT S BEEN A MONTH WHY IT WILL TAKE SO MUCH TIME UNAUTHORIZED CONSTRUCTION COVERED ALL TRANSFORMER AREA,Tilak Nagar New Delhi,1,137
553, dda dda MAHESH S,Tilak Nagar New Delhi,0,17
554,batez18 Oh you are a classic Ea fan boy who supports there goldn boys huh btw theres an official statement of EA about there DDA You can not tell me you have bot been handicapped in fifa If so im done with this conversation,Iraq,1,223
555,dda DDA File No PMOPG E 2021 0036715 Kindly Check The 1 DDA Report On The Said Petitions 2 DDA Performa Of Demand Cum Allotment Order There In Also A Purposal Of Allotment Approved By Lt Governor Of Delhi,,1,204
556,dda Dear DDA please tell about result date of Patwari as many aspirants are waiting for it As 3 months have been passed but there is no information about Patwari Pre result Please make announcement it s an humble request,,1,220
557,dda how can we give suggestions for Delhi s master plan,New Delhi India,0,55
558, Abhishek Verma topped the selection trials held at DDA Yamuna Sports Complex Delhi with the score of 1422 1440 and made a,Bengaluru India,-1,122
559, KWS Wooseok looks so Tasty KIMWOOSEOK 2ND DESIRE TASTY Sugar official,she her,0,70
560,dda Thenks,India,0,10
561,FANUNION MIRAE MIRAE congratulations on your new journey with dongpyo as well thank you for your hard work,she her,-1,106
562, FANUNION ANNOUNCEMENT MIRAE MIRAE,she her,0,34
563,dda I hope possession letter will issue as soon as possible already 15 days passed after document submission,,0,108
564, KWS Kim Wooseok s Eye make up never failed to amazed me Freakin pretty KIMWOOSEOK 2ND DESIRE TASTY Sugar,she her,1,105
565, shot Red Moon amp Sugar Parallel Universe 2ND DESIRE TASTY KIMWOOSEOK Official,she her,0,79
566,SO WHERE DO WE BUY THIS CAKE AND I ESPECIALLY WANT THAT CUTE TOPPING 2ND DESIRE TASTY SUGAR KIMWOOSEOK official,she her,1,111
567,WOOSEOK IS BEAUTIFUL BEAUTIFUL IS WOOSEOK 2ND DESIRE TASTY SUGAR KIMWOOSEOK official,she her,1,84
568,official OH YES,she her,0,15
569,dda respected sir ma am Please provide us demo for typing for JSA if possible so that we can prepare accordingly Also give all related instructions as soon as possible Thanks and regards,New Delhi India,1,186
570,dda Kindly share the public dealing timings for dda vikas sadan What is the appointment system to meet DD of my area for Land Disbursal grievances dda,,1,150
571, Abhishek Verma topped the selection trials held at DDA Yamuna Sports Complex Delhi with the score of 1422 1440 and made a,,-1,122
572, dda The selection trial was done to select top 12 archers for India Camp amp Archery World Cups,,1,96
573,dda Just look the confidence on his face,Narnaul,0,40
574,Narender ed India dda Correct,New Delhi India,0,29
575,dda results are on hold Please release It s been more than 3 months,Noida,1,67
576,dda Students who have qualified tier 1 and CPT is only called for re typing test,,0,80
577,OFFICIAL pollution What about the illegal construction happening at the terrace of DDA flat by the owner of 2151 C2 VASANT Kunj for which I had launched complaint in Nov 2020,Pune India,-1,174
578,Social official Such a fun game Laughing everytime I heard Wooseok s dda KIMWOOSEOK 2ND DESIRE TASTY Sugar official,woo ddadda s world,-1,115
579,dda vijender It s really sad No one visit from DDA neither they track their agencies working on contract Poor management,,-1,120
580,dda sir I want to know if someone opted hindi for typing test and want to take test in english is that allowed,Kanpur India,0,110
581,dda it has been 3 months why no results still,,0,45
582,pollution dda Dear Sir Kindly send us the exact location of the complaint your phone number and email id so that your complaint can be lodged with the concerned agency for official redressal amp two way communication Regards Complaint Redressal Team CPCB,New Delhi India,-1,254
583, dda dda after complained also no action taken by DDA So unfortuna,,-1,66
584,The issue has been duly noted and forwarded to the concerned department,New Delhi India,0,71
585,TUNTUN dda Kindly take necessary action and upload ATR,New Delhi India,1,54
586,OFFICIAL The issue has been duly noted We will keep you updated,New Delhi India,0,63
587,OFFICIAL The issue has been duly noted We will keep you updated,New Delhi India,0,63
588,dda please sir reply about when my flat will be free hold appliaction status shown is under process since long filed for free hold in September 2020 please reply,New Delhi Delhi,1,161
589,dda dda Please take action against the complaint received at CPCB and update Complaint ID CPCBTW 10327,New Delhi India,-1,102
590,dda dda Please take action against the complaint received at CPCB and update Complaint ID CPCBTW 10323,New Delhi India,-1,102
591,dda How much is the payment for the post of patwari so that aspirants can arrange After settlement of payment result will be announced I guess,New Delhi India,1,142
592,pollution OFFICIAL The issue has been duly noted and forwarded to the concerned department,New Delhi India,0,90
593,OFFICIAL pollution The issue has been duly noted We will keep you updated,New Delhi India,0,73
594,pollution Newly constructed drain are open from above from day one no manholes were installed resulting is mosquito breeding deseases accident make it cover soon OFFICIAL dda location Timarpur Delhi 110054,New Delhi India,1,205
595,pollution dda Please take action against the complaint received at CPCB and update Complaint ID CPCBTW 9918,New Delhi India,-1,107
596,OFFICIAL dda Official Garbage has been removed on the site by SDMC staff Photo attached,New Delhi India,0,87
597,OFFICIAL dda Cleaning work has been done on this site by SDMC staff photo attached,New Delhi India,0,82
598,pollution dda Please take action against the complaint received at CPCB and update Complaint ID CPCBTW 9372,New Delhi India,-1,107
599,dda Pls tell about the result date of patwari aao SO horticulture exam 2020 and the refund of dda mali exam fees,,0,112
600,dda 3 3 It s my suggestion if DDA can allow candidates to bring their own keyboard hence this problem of faulty keyboard can be sorted out Kindly Look into this matter Thanks,New Delhi India,1,174
601,dda Moreover they also don t change keyboard when request is made This problem was faced by many candidates in the previous typing test held by DDA,New Delhi India,1,147
602,dda 1 3 Sir Madam As DDA is conducting Typing Test again It is my request to DDA that please don t allot Ion Digital Zone IIMT Greater Noida as typing test centre because they have faulty and worst keyboard for typing,New Delhi India,-1,217
603, Myanmar GA KIMWOOSEOK comeback albums Please Rt Prizes 2 albums Donor who donate for fundraising of Genie and Youtube Str,,0,122
604,OFFICIAL dda Noted for action and complaint forward to concerned deptt,New Delhi India,-1,70
605,dda dda MAHESH SHOP NUMBER 86 20 BLOCK DDA MARKET NEAR 20 BLOCK GURUDWARA RIKSHAW REDIYAN COVERED ALL ENTRACE UNAUTHORIZED FIRST FLOOR PLEASE CLEAN THE SPACE HELP US,Tilak Nagar New Delhi,1,165
606,OFFICIAL dda anju Toilet cleaning has been done by SDMC staff photo attached,New Delhi India,-1,76
607,dda mcd Your complaint no is PWD 2021 02 232950,PWD HeadQuater ITO,-1,47
608,Sachdeva archery dda Happy Birthday Padam Shri Limba Ram amp Congrats to Virender Ji for concluded National trial,New Delhi,1,113
609,OFFICIAL dda anju Noted for action and complaint forward to concerned deptt,New Delhi India,-1,75
610,dda sir when will you declare the results of aao post why are you playing with our future,,0,89
611,WIIL DDA patwari result announce or not dda patwariresult,New Delhi India,0,57
612, dda The selection trial was done to select top 12 archers for India Camp amp Archery World Cups,,1,96
613, Abhishek Verma topped the selection trials held at DDA Yamuna Sports Complex Delhi with the score of 1422 1440 and made a,,-1,122
614, Abhishek Verma topped the selection trials held at DDA Yamuna Sports Complex Delhi with the score of 1422 1440 and made a,,-1,122
615,dda Children from Saliskote Village in Zanskar must hear from Abhishek,India,0,70
616,dda When will the patwari pre exam result declare Please reply sir,,0,66
617, shot SUGAR is composed by Kim Wooseok and the composers of Memories Lee Eunsang amp Kim Wooseok KIMWOOSEOK Officia,she her,0,115
618,MIRAE MIRAE GO GO GO SON DONGPYO,she her,0,32
